{
    "blue_car": {
        "acceleration": 0.0,
        "velocity": 1.0,
        "x": 331.0,
        "y": 400.0
    },
    "red_car": {
        "acceleration": -0.25822987096276506,
        "velocity": 1.6657421739930784,
        "x": 132.3113168514,
        "y": 400.0
    }
}