{
    "blue_car": {
        "acceleration": 0.0,
        "velocity": 1.0,
        "x": 556.0,
        "y": 400.0
    },
    "red_car": {
        "acceleration": 0.0,
        "velocity": 1.107167487844486,
        "x": 345.4020758810123,
        "y": 400.0
    }
}