{
    "blue_car": {
        "acceleration": 0.0,
        "velocity": 1.0,
        "x": 584.0,
        "y": 400.0
    },
    "red_car": {
        "acceleration": -0.17290070416379422,
        "velocity": 1.7505893480303119,
        "x": 385.1828411084398,
        "y": 400.0
    }
}
